"0","std_errors <- mod2_ro_se[c(""tr2016"", ""tr2017"", ""tr2018"", ""tr2019"", ""tr2020"", ""tr2021"", ""tr2022"")]"
"0",""
"0","print(std_errors)"
"1","    tr2016 "
"1","    tr2017 "
"1","    tr2018 "
"1","    tr2019 "
"1","    tr2020 "
"1","    tr2021 "
"1","    tr2022 "
"1","
"
"1","0.04411168 "
"1","0.04677222 "
"1","0.04705798 "
"1","0.05113270 "
"1","0.04328404 "
"1","0.07682086 "
"1","0.05296808 "
"1","
"
